,Campus,Level,Age Grade,Student,Subject,Spring 23-24 RIT Score,Fall 24-25 RIT Score,Winter 24-25 RIT Score,Spring 2425 RIT Score [max if multiple available]
1209,Alpha Miami,L1,3,Anon#254,Reading,,,,222.0
1209,Alpha Miami,L1,3,Anon#254,Math,,,,217.0
1209,Alpha Miami,L1,3,Anon#254,Language,,,,222.0
1209,Alpha Miami,L1,3,Anon#254,Science,,,,213.0
0896,Alpha Miami,L1,4,Anon#1062,Reading,,,209,214.0
0896,Alpha Miami,L1,4,Anon#1062,Math,,,201,203.0
0896,Alpha Miami,L1,4,Anon#1062,Language,,,202,204.0
0896,Alpha Miami,L1,4,Anon#1062,Science,,,211,207.0
0741,Alpha Miami,L1,3,Anon#1332,Reading,,176,190,201.0
0741,Alpha Miami,L1,3,Anon#1332,Math,,185,199,205.0
0741,Alpha Miami,L1,3,Anon#1332,Language,,172,188,187.0
0741,Alpha Miami,L1,3,Anon#1332,Science,,183,191,187.0
0717,Alpha Miami,L2,6,Anon#309,Reading,,224,229,234.0
0717,Alpha Miami,L2,6,Anon#309,Math,,220,232,244.0
0717,Alpha Miami,L2,6,Anon#309,Language,,217,230,231.0
0717,Alpha Miami,L2,6,Anon#309,Science,,212,220,222.0
0743,Alpha Miami,L2,5,Anon#983,Reading,,231,229,229.0
0743,Alpha Miami,L2,5,Anon#983,Math,,216,221,225.0
0743,Alpha Miami,L2,5,Anon#983,Language,,225,230,224.0
0743,Alpha Miami,L2,5,Anon#983,Science,,219,222,228.0
1224,Alpha Miami,L2,5,Anon#1698,Reading,,,,222.0
1224,Alpha Miami,L2,5,Anon#1698,Math,,,,236.0
1224,Alpha Miami,L2,5,Anon#1698,Language,,,,
1224,Alpha Miami,L2,5,Anon#1698,Science,,,,
0772,Alpha Miami,L3,7,Anon#1726,Reading,,234,234,238.0
0772,Alpha Miami,L3,7,Anon#1726,Math,,226,231,231.0
0772,Alpha Miami,L3,7,Anon#1726,Language,,226,231,241.0
0772,Alpha Miami,L3,7,Anon#1726,Science,,206,215,215.0
0734,Alpha Miami,L3,8,Anon#2098,Reading,,235,237,249.0
0734,Alpha Miami,L3,8,Anon#2098,Math,,220,244,252.0
0734,Alpha Miami,L3,8,Anon#2098,Language,,223,236,239.0
0734,Alpha Miami,L3,8,Anon#2098,Science,,218,228,233.0
0853,Alpha Miami,LL,K,Anon#1015,Reading,,,145,161.0
0853,Alpha Miami,LL,K,Anon#1015,Math,,,146,166.0
0742,Alpha Miami,LL,1,Anon#1243,Reading,,152,157,178.0
0742,Alpha Miami,LL,1,Anon#1243,Math,,164,166,178.0
0838,Alpha Miami,LL,1,Anon#1350,Reading,,,175,185.0
0838,Alpha Miami,LL,1,Anon#1350,Math,,,181,197.0
0847,Alpha Miami,LL,K,Anon#1460,Reading,,,,
0847,Alpha Miami,LL,K,Anon#1460,Math,,,,
1229,Alpha Miami,LL,1,Anon#1680,Reading,,,,179.0
1229,Alpha Miami,LL,1,Anon#1680,Math,,,,187.0
0766,Alpha Miami,LL,K,Anon#1863,Reading,,147,167,164.0
0766,Alpha Miami,LL,K,Anon#1863,Math,,158,162,167.0
0692,Austin K-8,L1,3,Anon#057,Reading,,200,207,214.0
0692,Austin K-8,L1,3,Anon#057,Math,,200,211,212.0
0692,Austin K-8,L1,3,Anon#057,Language,,202,208,207.0
0692,Austin K-8,L1,3,Anon#057,Science,,195,216,204.0
0863,Austin K-8,L1,4,Anon#061,Reading,,,227,235.0
0863,Austin K-8,L1,4,Anon#061,Math,,,223,235.0
0863,Austin K-8,L1,4,Anon#061,Language,,,227,230.0
0863,Austin K-8,L1,4,Anon#061,Science,,,222,228.0
0397,Austin K-8,L1,3,Anon#104,Reading,215,217,217,220.0
0397,Austin K-8,L1,3,Anon#104,Math,199,200,207,210.0
0397,Austin K-8,L1,3,Anon#104,Language,216,207,217,220.0
0397,Austin K-8,L1,3,Anon#104,Science,194,,204,213.0
0561,Austin K-8,L1,4,Anon#137,Reading,212,207,222,225.0
0561,Austin K-8,L1,4,Anon#137,Math,205,200,221,220.0
0561,Austin K-8,L1,4,Anon#137,Language,199,197,216,218.0
0561,Austin K-8,L1,4,Anon#137,Science,197,196,209,214.0
0759,Austin K-8,L1,4,Anon#221,Reading,,223,234,239.0
0759,Austin K-8,L1,4,Anon#221,Math,,214,224,227.0
0759,Austin K-8,L1,4,Anon#221,Language,,223,233,233.0
0759,Austin K-8,L1,4,Anon#221,Science,,215,219,225.0
0758,Austin K-8,L1,4,Anon#223,Reading,,222,229,232.0
0758,Austin K-8,L1,4,Anon#223,Math,,206,220,227.0
0758,Austin K-8,L1,4,Anon#223,Language,,215,224,232.0
0758,Austin K-8,L1,4,Anon#223,Science,,203,220,220.0
0189,Austin K-8,L1,3,Anon#264,Reading,212,210,220,223.0
0189,Austin K-8,L1,3,Anon#264,Math,213,211,224,223.0
0189,Austin K-8,L1,3,Anon#264,Language,214,204,219,220.0
0189,Austin K-8,L1,3,Anon#264,Science,207,,214,219.0
0259,Austin K-8,L1,3,Anon#268,Reading,223,219,222,228.0
0259,Austin K-8,L1,3,Anon#268,Math,217,218,221,231.0
0259,Austin K-8,L1,3,Anon#268,Language,216,214,218,228.0
0259,Austin K-8,L1,3,Anon#268,Science,206,214,218,218.0
1225,Austin K-8,L1,3,Anon#359,Reading,,,,225.0
1225,Austin K-8,L1,3,Anon#359,Math,,,,231.0
1225,Austin K-8,L1,3,Anon#359,Language,,,,236.0
1225,Austin K-8,L1,3,Anon#359,Science,,,,222.0
0394,Austin K-8,L1,3,Anon#374,Reading,205,,216,222.0
0394,Austin K-8,L1,3,Anon#374,Math,182,181,197,204.0
0394,Austin K-8,L1,3,Anon#374,Language,184,193,209,209.0
0394,Austin K-8,L1,3,Anon#374,Science,201,,,201.0
0583,Austin K-8,L1,3,Anon#439,Reading,224,223,232,239.0
0583,Austin K-8,L1,3,Anon#439,Math,230,234,248,260.0
0583,Austin K-8,L1,3,Anon#439,Language,225,223,235,243.0
0583,Austin K-8,L1,3,Anon#439,Science,,213,227,225.0
0711,Austin K-8,L1,4,Anon#462,Reading,,210,217,215.0
0711,Austin K-8,L1,4,Anon#462,Math,,199,207,217.0
0711,Austin K-8,L1,4,Anon#462,Language,,203,205,223.0
0711,Austin K-8,L1,4,Anon#462,Science,,208,208,211.0
0634,Austin K-8,L1,3,Anon#522,Reading,204,206,213,224.0
0634,Austin K-8,L1,3,Anon#522,Math,202,202,214,220.0
0634,Austin K-8,L1,3,Anon#522,Language,199,200,208,212.0
0634,Austin K-8,L1,3,Anon#522,Science,197,,206,212.0
0672,Austin K-8,L1,3,Anon#524,Reading,,214,224,222.0
0672,Austin K-8,L1,3,Anon#524,Math,,209,222,232.0
0672,Austin K-8,L1,3,Anon#524,Language,,213,216,222.0
0672,Austin K-8,L1,3,Anon#524,Science,,206,221,218.0
0693,Austin K-8,L1,4,Anon#582,Reading,,198,218,219.0
0693,Austin K-8,L1,4,Anon#582,Math,,201,219,221.0
0693,Austin K-8,L1,4,Anon#582,Language,,198,213,226.0
0693,Austin K-8,L1,4,Anon#582,Science,,200,216,211.0
0144,Austin K-8,L1,4,Anon#606,Reading,225,218,230,239.0
0144,Austin K-8,L1,4,Anon#606,Math,219,206,217,231.0
0144,Austin K-8,L1,4,Anon#606,Language,221,213,226,235.0
0144,Austin K-8,L1,4,Anon#606,Science,219,214,225,225.0
0478,Austin K-8,L1,3,Anon#778,Reading,215,209,219,215.0
0478,Austin K-8,L1,3,Anon#778,Math,213,199,208,218.0
0478,Austin K-8,L1,3,Anon#778,Language,204,200,207,215.0
0478,Austin K-8,L1,3,Anon#778,Science,213,,211,223.0
0275,Austin K-8,L1,4,Anon#839,Reading,228,224,218,227.0
0275,Austin K-8,L1,4,Anon#839,Math,207,208,219,214.0
0275,Austin K-8,L1,4,Anon#839,Language,216,216,220,218.0
0275,Austin K-8,L1,4,Anon#839,Science,210,207,211,214.0
1211,Austin K-8,L1,3,Anon#875,Reading,,,218,232.0
1211,Austin K-8,L1,3,Anon#875,Math,,,226,238.0
1211,Austin K-8,L1,3,Anon#875,Language,,,,227.0
1211,Austin K-8,L1,3,Anon#875,Science,,,,228.0
0584,Austin K-8,L1,3,Anon#922,Reading,217,207,220,229.0
0584,Austin K-8,L1,3,Anon#922,Math,209,213,220,226.0
0584,Austin K-8,L1,3,Anon#922,Language,209,213,214,224.0
0584,Austin K-8,L1,3,Anon#922,Science,211,208,212,223.0
0475,Austin K-8,L1,4,Anon#993,Reading,220,223,232,229.0
0475,Austin K-8,L1,4,Anon#993,Math,227,218,232,242.0
0475,Austin K-8,L1,4,Anon#993,Language,221,215,227,230.0
0475,Austin K-8,L1,4,Anon#993,Science,216,211,218,232.0
0617,Austin K-8,L1,4,Anon#1156,Reading,,210,217,
0617,Austin K-8,L1,4,Anon#1156,Math,,208,216,
0617,Austin K-8,L1,4,Anon#1156,Language,,210,211,
0617,Austin K-8,L1,4,Anon#1156,Science,,207,215,
2595,Austin K-8,L1,3,Anon#1221,Reading,,,,
2595,Austin K-8,L1,3,Anon#1221,Math,,,,
2595,Austin K-8,L1,3,Anon#1221,Language,,,,
2595,Austin K-8,L1,3,Anon#1221,Science,,,,
0474,Austin K-8,L1,4,Anon#1326,Reading,198,198,210,214.0
0474,Austin K-8,L1,4,Anon#1326,Math,209,212,219,221.0
0474,Austin K-8,L1,4,Anon#1326,Language,191,206,202,209.0
0474,Austin K-8,L1,4,Anon#1326,Science,214,208,207,212.0
2521,Anon#001,Anon#001,Anon#001,Anon#001,Reading,,,,
2521,Anon#001,Anon#001,Anon#001,Anon#001,Math,,,,
2521,Anon#001,Anon#001,Anon#001,Anon#001,Language,,,,
1866,Austin K-8,L1,4,Anon#1385,Reading,,,,
1866,Austin K-8,L1,4,Anon#1385,Math,,,,
1866,Austin K-8,L1,4,Anon#1385,Language,,,,
1866,Austin K-8,L1,4,Anon#1385,Science,,,,
0239,Austin K-8,L1,3,Anon#1473,Reading,224,219,225,228.0
0239,Austin K-8,L1,3,Anon#1473,Math,210,210,217,225.0
0239,Austin K-8,L1,3,Anon#1473,Language,221,209,217,221.0
0239,Austin K-8,L1,3,Anon#1473,Science,219,,225,229.0
0130,Austin K-8,L1,4,Anon#1525,Reading,221,215,230,228.0
0130,Austin K-8,L1,4,Anon#1525,Math,210,209,215,214.0
0130,Austin K-8,L1,4,Anon#1525,Language,212,211,229,216.0
0130,Austin K-8,L1,4,Anon#1525,Science,219,208,219,219.0
0368,Austin K-8,L1,2,Anon#1781,Reading,211,203,211,217.0
0368,Austin K-8,L1,2,Anon#1781,Math,216,213,219,231.0
0368,Austin K-8,L1,2,Anon#1781,Language,204,201,208,223.0
0368,Austin K-8,L1,2,Anon#1781,Science,,,202,214.0
0300,Austin K-8,L1,3,Anon#1986,Reading,231,230,234,236.0
0300,Austin K-8,L1,3,Anon#1986,Math,228,222,233,245.0
0300,Austin K-8,L1,3,Anon#1986,Language,232,235,244,245.0
0300,Austin K-8,L1,3,Anon#1986,Science,222,226,228,232.0
0150,Austin K-8,L1,4,Anon#2118,Reading,221,229,236,232.0
0150,Austin K-8,L1,4,Anon#2118,Math,231,228,243,256.0
0150,Austin K-8,L1,4,Anon#2118,Language,224,226,229,231.0
0150,Austin K-8,L1,4,Anon#2118,Science,214,216,222,235.0
0571,Austin K-8,L1,3,Anon#2328,Reading,197,201,212,222.0
0571,Austin K-8,L1,3,Anon#2328,Math,204,198,208,221.0
0571,Austin K-8,L1,3,Anon#2328,Language,201,196,206,217.0
0571,Austin K-8,L1,3,Anon#2328,Science,185,,207,215.0
0156,Austin K-8,L1,4,Anon#2427,Reading,210,211,228,232.0
0156,Austin K-8,L1,4,Anon#2427,Math,210,213,224,230.0
0156,Austin K-8,L1,4,Anon#2427,Language,216,206,216,227.0
0156,Austin K-8,L1,4,Anon#2427,Science,218,203,221,217.0
0343,Austin K-8,L2,5,Anon#224,Reading,231,229,231,236.0
0343,Austin K-8,L2,5,Anon#224,Math,225,216,238,232.0
0343,Austin K-8,L2,5,Anon#224,Language,222,212,221,225.0
0343,Austin K-8,L2,5,Anon#224,Science,221,218,226,226.0
0481,Austin K-8,L2,6,Anon#248,Reading,241,233,235,236.0
0481,Austin K-8,L2,6,Anon#248,Math,241,240,237,246.0
0481,Austin K-8,L2,6,Anon#248,Language,227,230,229,235.0
0481,Austin K-8,L2,6,Anon#248,Science,233,230,226,232.0
2275,Austin K-8,L2,4,Anon#305,Reading,,,,232.0
2275,Austin K-8,L2,4,Anon#305,Math,,,,229.0
2275,Austin K-8,L2,4,Anon#305,Language,,,,223.0
0577,Austin K-8,L2,6,Anon#336,Reading,216,220,224,222.0
0577,Austin K-8,L2,6,Anon#336,Math,234,228,232,245.0
0577,Austin K-8,L2,6,Anon#336,Language,213,213,218,225.0
0577,Austin K-8,L2,6,Anon#336,Science,219,215,222,222.0
0963,Austin K-8,L1,4,Anon#375,Reading,,,209,215.0
0963,Austin K-8,L1,4,Anon#375,Math,,,209,215.0
0963,Austin K-8,L1,4,Anon#375,Language,,,211,214.0
0963,Austin K-8,L1,4,Anon#375,Science,,,207,212.0
0436,Austin K-8,L2,6,Anon#383,Reading,240,229,238,241.0
0436,Austin K-8,L2,6,Anon#383,Math,242,246,252,252.0
0436,Austin K-8,L2,6,Anon#383,Language,242,241,241,243.0
0436,Austin K-8,L2,6,Anon#383,Science,240,237,234,241.0
0674,Austin K-8,L2,5,Anon#450,Reading,200,193,214,219.0
0674,Austin K-8,L2,5,Anon#450,Math,198,195,205,212.0
0674,Austin K-8,L2,5,Anon#450,Language,197,196,212,215.0
0674,Austin K-8,L2,5,Anon#450,Science,196,195,205,214.0
0694,Austin K-8,L2,6,Anon#510,Reading,,227,229,234.0
0694,Austin K-8,L2,6,Anon#510,Math,,228,230,236.0
0694,Austin K-8,L2,6,Anon#510,Language,,211,225,234.0
0694,Austin K-8,L2,6,Anon#510,Science,,222,226,227.0
0408,Austin K-8,L2,4,Anon#588,Reading,230,228,236,236.0
0408,Austin K-8,L2,4,Anon#588,Math,220,222,233,231.0
0408,Austin K-8,L2,4,Anon#588,Language,221,211,229,227.0
0408,Austin K-8,L2,4,Anon#588,Science,223,218,227,230.0
0445,Austin K-8,L2,6,Anon#596,Reading,239,238,241,235.0
0445,Austin K-8,L2,6,Anon#596,Math,237,230,234,241.0
0445,Austin K-8,L2,6,Anon#596,Language,238,229,228,232.0
0445,Austin K-8,L2,6,Anon#596,Science,234,234,234,242.0
0428,Austin K-8,L2,5,Anon#601,Reading,,227,234,240.0
0428,Austin K-8,L2,5,Anon#601,Math,,226,233,232.0
0428,Austin K-8,L2,5,Anon#601,Language,,229,230,236.0
0428,Austin K-8,L2,5,Anon#601,Science,,210,216,225.0
0862,Austin K-8,L2,6,Anon#610,Reading,,,235,247.0
0862,Austin K-8,L2,6,Anon#610,Math,,,240,252.0
0862,Austin K-8,L2,6,Anon#610,Language,,,232,238.0
0862,Austin K-8,L2,6,Anon#610,Science,,,231,246.0
1212,Austin K-8,L2,5,Anon#612,Reading,,,230,235.0
1212,Austin K-8,L2,5,Anon#612,Math,,,244,242.0
1212,Austin K-8,L2,5,Anon#612,Language,,,,233.0
1212,Austin K-8,L2,5,Anon#612,Science,,,220,222.0
0917,Austin K-8,L2,5,Anon#640,Reading,,,222,227.0
0917,Austin K-8,L2,5,Anon#640,Math,,,229,230.0
0917,Austin K-8,L2,5,Anon#640,Language,,,219,225.0
0917,Austin K-8,L2,5,Anon#640,Science,,,221,225.0
0469,Austin K-8,L2,6,Anon#1091,Reading,238,236,245,243.0
0469,Austin K-8,L2,6,Anon#1091,Math,255,247,262,254.0
0469,Austin K-8,L2,6,Anon#1091,Language,241,244,245,250.0
0469,Austin K-8,L2,6,Anon#1091,Science,238,237,238,242.0
0859,Austin K-8,L2,5,Anon#1093,Reading,,,231,238.0
0859,Austin K-8,L2,5,Anon#1093,Math,,,229,237.0
0859,Austin K-8,L2,5,Anon#1093,Language,,,227,224.0
0859,Austin K-8,L2,5,Anon#1093,Science,,,225,223.0
0695,Austin K-8,L2,6,Anon#1302,Reading,,235,252,254.0
0695,Austin K-8,L2,6,Anon#1302,Math,,253,252,264.0
0695,Austin K-8,L2,6,Anon#1302,Language,,237,251,263.0
0695,Austin K-8,L2,6,Anon#1302,Science,,226,235,244.0
0120,Austin K-8,L2,5,Anon#1565,Reading,232,233,233,238.0
0120,Austin K-8,L2,5,Anon#1565,Math,266,256,268,278.0
0120,Austin K-8,L2,5,Anon#1565,Language,233,235,236,247.0
0120,Austin K-8,L2,5,Anon#1565,Science,226,219,226,237.0
0697,Austin K-8,L2,6,Anon#1705,Reading,,222,230,240.0
0697,Austin K-8,L2,6,Anon#1705,Math,,222,234,236.0
0697,Austin K-8,L2,6,Anon#1705,Language,,225,230,236.0
0697,Austin K-8,L2,6,Anon#1705,Science,,222,229,229.0
0760,Austin K-8,L2,6,Anon#1769,Reading,,248,254,251.0
0760,Austin K-8,L2,6,Anon#1769,Math,,230,237,247.0
0760,Austin K-8,L2,6,Anon#1769,Language,,246,246,255.0
0760,Austin K-8,L2,6,Anon#1769,Science,,221,230,230.0
0681,Austin K-8,L2,5,Anon#1807,Reading,211,210,228,221.0
0681,Austin K-8,L2,5,Anon#1807,Math,214,210,220,228.0
0681,Austin K-8,L2,5,Anon#1807,Language,217,217,224,227.0
0681,Austin K-8,L2,5,Anon#1807,Science,210,214,207,211.0
0898,Austin K-8,L3,7,Anon#1867,Reading,,,229,242.0
0898,Austin K-8,L3,7,Anon#1867,Math,,,241,245.0
0898,Austin K-8,L3,7,Anon#1867,Language,,,233,231.0
0898,Austin K-8,L3,7,Anon#1867,Science,,,228,238.0
0523,Austin K-8,L2,6,Anon#1921,Reading,235,234,241,242.0
0523,Austin K-8,L2,6,Anon#1921,Math,233,240,251,251.0
0523,Austin K-8,L2,6,Anon#1921,Language,236,242,247,247.0
0523,Austin K-8,L2,6,Anon#1921,Science,232,233,234,233.0
0871,Austin K-8,L2,6,Anon#2099,Reading,,,224,226.0
0871,Austin K-8,L2,6,Anon#2099,Math,,,230,234.0
0871,Austin K-8,L2,6,Anon#2099,Language,,,226,229.0
0871,Austin K-8,L2,6,Anon#2099,Science,,,224,222.0
0682,Austin K-8,L2,5,Anon#2244,Reading,195,195,210,213.0
0682,Austin K-8,L2,5,Anon#2244,Math,194,188,203,202.0
0682,Austin K-8,L2,5,Anon#2244,Language,193,194,207,207.0
0682,Austin K-8,L2,5,Anon#2244,Science,198,192,199,205.0
0613,Austin K-8,L2,6,Anon#2397,Reading,231,219,238,234.0
0613,Austin K-8,L2,6,Anon#2397,Math,240,238,243,246.0
0613,Austin K-8,L2,6,Anon#2397,Language,230,231,230,236.0
0613,Austin K-8,L2,6,Anon#2397,Science,219,221,228,226.0
0447,Austin K-8,L3,8,Anon#031,Reading,264,249,256,244.0
0447,Austin K-8,L3,8,Anon#031,Math,264,254,262,269.0
0447,Austin K-8,L3,8,Anon#031,Language,246,243,243,247.0
0447,Austin K-8,L3,8,Anon#031,Science,234,247,242,231.0
0866,Austin K-8,L3,8,Anon#035,Reading,,,230,234.0
0866,Austin K-8,L3,8,Anon#035,Math,,,260,247.0
0866,Austin K-8,L3,8,Anon#035,Language,,,229,228.0
0866,Austin K-8,L3,8,Anon#035,Science,,,230,224.0
0471,Austin K-8,L3,7,Anon#045,Reading,230,235,230,238.0
0471,Austin K-8,L3,7,Anon#045,Math,251,245,257,252.0
0471,Austin K-8,L3,7,Anon#045,Language,243,229,239,239.0
0471,Austin K-8,L3,7,Anon#045,Science,229,225,234,225.0
0070,Austin K-8,L3,8,Anon#086,Reading,248,251,256,260.0
0070,Austin K-8,L3,8,Anon#086,Math,270,267,285,282.0
0070,Austin K-8,L3,8,Anon#086,Language,252,251,252,256.0
0070,Austin K-8,L3,8,Anon#086,Science,254,246,254,253.0
0696,Austin K-8,L3,7,Anon#200,Reading,,233,237,242.0
0696,Austin K-8,L3,7,Anon#200,Math,,228,228,243.0
0696,Austin K-8,L3,7,Anon#200,Language,,216,229,232.0
0696,Austin K-8,L3,7,Anon#200,Science,,211,219,226.0
0535,Austin K-8,L3,7,Anon#294,Reading,247,245,252,255.0
0535,Austin K-8,L3,7,Anon#294,Math,254,259,259,267.0
0535,Austin K-8,L3,7,Anon#294,Language,249,250,260,251.0
0535,Austin K-8,L3,7,Anon#294,Science,240,239,239,244.0
0749,Austin K-8,L3,8,Anon#322,Reading,,226,236,233.0
0749,Austin K-8,L3,8,Anon#322,Math,,222,239,243.0
0749,Austin K-8,L3,8,Anon#322,Language,,223,233,239.0
0749,Austin K-8,L3,8,Anon#322,Science,,218,221,221.0
0522,Austin K-8,L3,8,Anon#364,Reading,236,234,240,238.0
0522,Austin K-8,L3,8,Anon#364,Math,257,259,265,272.0
0522,Austin K-8,L3,8,Anon#364,Language,246,249,246,249.0
0522,Austin K-8,L3,8,Anon#364,Science,236,233,231,231.0
0193,Austin K-8,Anon#001,Anon#001,Anon#426,Reading,241,254,248,244.0
0193,Austin K-8,Anon#001,Anon#001,Anon#426,Math,254,257,270,271.0
0193,Austin K-8,Anon#001,Anon#001,Anon#426,Language,253,249,251,243.0
0193,Austin K-8,Anon#001,Anon#001,Anon#426,Science,245,237,245,250.0
0416,Austin K-8,L3,7,Anon#634,Reading,231,236,235,234.0
0416,Austin K-8,L3,7,Anon#634,Math,239,233,243,246.0
0416,Austin K-8,L3,7,Anon#634,Language,233,239,238,243.0
0416,Austin K-8,L3,7,Anon#634,Science,229,230,237,235.0
1213,Austin K-8,L3,7,Anon#710,Reading,,,238,245.0
1213,Austin K-8,L3,7,Anon#710,Math,,,267,265.0
1213,Austin K-8,L3,7,Anon#710,Language,,,,243.0
1213,Austin K-8,L3,7,Anon#710,Science,,,,238.0
0728,Austin K-8,L3,8,Anon#800,Reading,,250,259,248.0
0728,Austin K-8,L3,8,Anon#800,Math,,262,272,281.0
0728,Austin K-8,L3,8,Anon#800,Language,,250,247,246.0
0728,Austin K-8,L3,8,Anon#800,Science,,244,247,250.0
0539,Austin K-8,L3,8,Anon#806,Reading,231,230,234,235.0
0539,Austin K-8,L3,8,Anon#806,Math,240,237,242,255.0
0539,Austin K-8,L3,8,Anon#806,Language,232,225,232,235.0
0539,Austin K-8,L3,8,Anon#806,Science,223,219,231,240.0
0388,Austin K-8,L3,8,Anon#810,Reading,222,228,230,238.0
0388,Austin K-8,L3,8,Anon#810,Math,237,236,252,246.0
0388,Austin K-8,L3,8,Anon#810,Language,226,228,229,244.0
0388,Austin K-8,L3,8,Anon#810,Science,223,215,223,229.0
0916,Austin K-8,L3,7,Anon#813,Reading,,,223,234.0
0916,Austin K-8,L3,7,Anon#813,Math,,,236,240.0
0916,Austin K-8,L3,7,Anon#813,Language,,,223,223.0
0916,Austin K-8,L3,7,Anon#813,Science,,,228,235.0
0003,Austin K-8,L3,8,Anon#825,Reading,248,247,254,243.0
0003,Austin K-8,L3,8,Anon#825,Math,248,250,253,256.0
0003,Austin K-8,L3,8,Anon#825,Language,247,247,248,251.0
0003,Austin K-8,L3,8,Anon#825,Science,237,234,233,237.0
0479,Austin K-8,L3,8,Anon#830,Reading,240,242,244,249.0
0479,Austin K-8,L3,8,Anon#830,Math,247,247,259,253.0
0479,Austin K-8,L3,8,Anon#830,Language,234,226,243,242.0
0479,Austin K-8,L3,8,Anon#830,Science,236,232,233,237.0
2357,Austin K-8,L3,7,Anon#881,Reading,,,,
2357,Austin K-8,L3,7,Anon#881,Math,,,,
2357,Austin K-8,L3,7,Anon#881,Language,,,,
2357,Austin K-8,L3,7,Anon#881,Science,,,,
0161,Austin K-8,L3,7,Anon#928,Reading,231,226,240,239.0
0161,Austin K-8,L3,7,Anon#928,Math,248,247,262,264.0
0161,Austin K-8,L3,7,Anon#928,Language,232,230,228,244.0
0161,Austin K-8,L3,7,Anon#928,Science,233,231,247,234.0
0371,Austin K-8,L3,8,Anon#939,Reading,245,251,249,253.0
0371,Austin K-8,L3,8,Anon#939,Math,244,249,257,255.0
0371,Austin K-8,L3,8,Anon#939,Language,240,244,249,247.0
0371,Austin K-8,L3,8,Anon#939,Science,234,225,242,239.0
0196,Austin K-8,L3,8,Anon#942,Reading,,,258,252.0
0196,Austin K-8,L3,8,Anon#942,Math,,,265,269.0
0196,Austin K-8,L3,8,Anon#942,Language,,,244,243.0
0196,Austin K-8,L3,8,Anon#942,Science,,,247,254.0
0864,Austin K-8,L3,7,Anon#1053,Reading,,,,
0026,Austin K-8,L3,7,Anon#1064,Reading,,,227,239.0
0026,Austin K-8,L3,7,Anon#1064,Math,,,267,263.0
0026,Austin K-8,L3,7,Anon#1064,Language,,,218,227.0
0026,Austin K-8,L3,7,Anon#1064,Science,,,239,239.0
0470,Austin K-8,L3,8,Anon#1319,Reading,231,235,237,235.0
0470,Austin K-8,L3,8,Anon#1319,Math,245,244,250,253.0
0470,Austin K-8,L3,8,Anon#1319,Language,230,233,244,235.0
0470,Austin K-8,L3,8,Anon#1319,Science,231,232,236,236.0
0579,Austin K-8,L3,7,Anon#1331,Reading,252,248,252,253.0
0579,Austin K-8,L3,7,Anon#1331,Math,242,246,256,258.0
0579,Austin K-8,L3,7,Anon#1331,Language,247,251,249,253.0
0579,Austin K-8,L3,7,Anon#1331,Science,233,232,229,237.0
0480,Austin K-8,L3,8,Anon#1340,Reading,251,258,255,253.0
0480,Austin K-8,L3,8,Anon#1340,Math,255,261,266,262.0
0480,Austin K-8,L3,8,Anon#1340,Language,247,248,253,268.0
0480,Austin K-8,L3,8,Anon#1340,Science,244,238,239,245.0
0153,Austin K-8,L3,8,Anon#1345,Reading,259,249,255,248.0
0153,Austin K-8,L3,8,Anon#1345,Math,253,245,244,251.0
0153,Austin K-8,L3,8,Anon#1345,Language,250,243,254,243.0
0153,Austin K-8,L3,8,Anon#1345,Science,238,235,235,240.0
0564,Austin K-8,L3,7,Anon#1506,Reading,237,239,243,235.0
0564,Austin K-8,L3,7,Anon#1506,Math,236,234,238,232.0
0564,Austin K-8,L3,7,Anon#1506,Language,232,232,232,231.0
0564,Austin K-8,L3,7,Anon#1506,Science,226,232,231,234.0
0491,Austin K-8,L3,7,Anon#1567,Reading,241,243,243,240.0
0491,Austin K-8,L3,7,Anon#1567,Math,240,253,247,249.0
0491,Austin K-8,L3,7,Anon#1567,Language,244,250,245,257.0
0491,Austin K-8,L3,7,Anon#1567,Science,231,234,230,232.0
0092,Austin K-8,L3,7,Anon#1706,Reading,221,208,221,231.0
0092,Austin K-8,L3,7,Anon#1706,Math,256,242,268,265.0
0092,Austin K-8,L3,7,Anon#1706,Language,220,223,221,234.0
0092,Austin K-8,L3,7,Anon#1706,Science,232,223,226,227.0
0525,Austin K-8,L3,8,Anon#1741,Reading,228,233,230,241.0
0525,Austin K-8,L3,8,Anon#1741,Math,239,245,248,255.0
0525,Austin K-8,L3,8,Anon#1741,Language,227,234,233,243.0
0525,Austin K-8,L3,8,Anon#1741,Science,231,225,235,243.0
0598,Austin K-8,L3,7,Anon#1790,Reading,236,222,227,233.0
0598,Austin K-8,L3,7,Anon#1790,Math,250,253,255,260.0
0598,Austin K-8,L3,7,Anon#1790,Language,229,225,224,229.0
0598,Austin K-8,L3,7,Anon#1790,Science,231,214,230,232.0
0784,Austin K-8,L3,7,Anon#1803,Reading,,,236,246.0
0784,Austin K-8,L3,7,Anon#1803,Math,,,246,244.0
0784,Austin K-8,L3,7,Anon#1803,Language,,,232,242.0
0784,Austin K-8,L3,7,Anon#1803,Science,,,221,231.0
0546,Austin K-8,L3,8,Anon#1832,Reading,233,223,234,229.0
0546,Austin K-8,L3,8,Anon#1832,Math,234,227,242,243.0
0546,Austin K-8,L3,8,Anon#1832,Language,217,218,231,224.0
0546,Austin K-8,L3,8,Anon#1832,Science,219,214,229,226.0
0271,Austin K-8,L3,8,Anon#1894,Reading,243,247,239,
0271,Austin K-8,L3,8,Anon#1894,Math,252,263,258,
0271,Austin K-8,L3,8,Anon#1894,Language,236,237,240,
0271,Austin K-8,L3,8,Anon#1894,Science,244,240,236,
0797,Austin K-8,L3,7,Anon#2202,Reading,,,214,212.0
0797,Austin K-8,L3,7,Anon#2202,Math,,,224,220.0
0797,Austin K-8,L3,7,Anon#2202,Language,,,217,207.0
0797,Austin K-8,L3,7,Anon#2202,Science,,,209,212.0
0843,Austin K-8,L3,8,Anon#2409,Reading,,,235,231.0
0843,Austin K-8,L3,8,Anon#2409,Math,,,251,256.0
0843,Austin K-8,L3,8,Anon#2409,Language,,,228,229.0
0843,Austin K-8,L3,8,Anon#2409,Science,,,231,236.0
0396,Austin K-8,L3,8,Anon#2414,Reading,238,231,239,239.0
0396,Austin K-8,L3,8,Anon#2414,Math,248,249,248,243.0
0396,Austin K-8,L3,8,Anon#2414,Language,230,240,231,236.0
0396,Austin K-8,L3,8,Anon#2414,Science,237,233,234,237.0
0608,Austin K-8,Linc,1,Anon#784,Reading,191,194,200,207.0
0608,Austin K-8,Linc,1,Anon#784,Math,201,185,206,218.0
0490,Austin K-8,Linc,2,Anon#961,Reading,208,210,223,225.0
0490,Austin K-8,Linc,2,Anon#961,Math,205,202,208,217.0
0490,Austin K-8,Linc,2,Anon#961,Language,,207,210,221.0
0615,Austin K-8,Linc,2,Anon#1630,Reading,201,204,218,222.0
0615,Austin K-8,Linc,2,Anon#1630,Math,205,203,220,225.0
0615,Austin K-8,Linc,2,Anon#1630,Language,209,204,223,228.0
0483,Austin K-8,Linc,2,Anon#1770,Reading,192,193,198,200.0
0483,Austin K-8,Linc,2,Anon#1770,Math,210,201,213,211.0
0483,Austin K-8,Linc,2,Anon#1770,Language,,195,201,203.0
0751,Austin K-8,Linc,2,Anon#1787,Reading,,184,197,204.0
0751,Austin K-8,Linc,2,Anon#1787,Math,,176,194,216.0
0751,Austin K-8,Linc,2,Anon#1787,Language,,,,
0607,Austin K-8,Linc,2,Anon#1801,Reading,188,183,185,196.0
0607,Austin K-8,Linc,2,Anon#1801,Math,194,195,208,217.0
0607,Austin K-8,Linc,2,Anon#1801,Language,,,,
0612,Austin K-8,Linc,1,Anon#1828,Reading,183,185,204,203.0
0612,Austin K-8,Linc,1,Anon#1828,Math,191,194,209,216.0
2600,Austin K-8,Linc,2,Anon#1860,Reading,,,,190.0
2600,Austin K-8,Linc,2,Anon#1860,Math,,,,191.0
2600,Austin K-8,Linc,2,Anon#1860,Language,,,,
0721,Austin K-8,LL,1,Anon#044,Reading,,142,165,186.0
0721,Austin K-8,LL,1,Anon#044,Math,,155,183,198.0
0769,Austin K-8,LL,K,Anon#184,Reading,,159,173,187.0
0769,Austin K-8,LL,K,Anon#184,Math,,163,179,197.0
0735,Austin K-8,LL,K,Anon#204,Reading,,160,180,181.0
0735,Austin K-8,LL,K,Anon#204,Math,,158,177,206.0
0635,Austin K-8,LL,K,Anon#299,Reading,,160,169,183.0
0635,Austin K-8,LL,K,Anon#299,Math,,159,184,195.0
0614,Austin K-8,LL,K,Anon#337,Reading,180,171,185,193.0
0614,Austin K-8,LL,K,Anon#337,Math,172,170,185,192.0
0799,Austin K-8,LL,K,Anon#393,Reading,,,167,185.0
0799,Austin K-8,LL,K,Anon#393,Math,,,169,192.0
0770,Austin K-8,LL,1,Anon#564,Reading,,146,164,178.0
0770,Austin K-8,LL,1,Anon#564,Math,,148,185,186.0
0673,Austin K-8,LL,K,Anon#609,Reading,,165,183,195.0
0673,Austin K-8,LL,K,Anon#609,Math,,170,200,195.0
0688,Austin K-8,LL,K,Anon#621,Reading,,157,176,196.0
0688,Austin K-8,LL,K,Anon#621,Math,,156,181,197.0
0727,Austin K-8,LL,1,Anon#708,Reading,,170,181,186.0
0727,Austin K-8,LL,1,Anon#708,Math,,168,186,193.0
0850,Austin K-8,Anon#001,Anon#001,Anon#709,Reading,,,,
0850,Austin K-8,Anon#001,Anon#001,Anon#709,Math,,,,
0962,Austin K-8,LL,1,Anon#725,Reading,,,196,199.0
0962,Austin K-8,LL,1,Anon#725,Math,,,188,205.0
0605,Austin K-8,LL,1,Anon#789,Reading,174,169,184,190.0
0605,Austin K-8,LL,1,Anon#789,Math,183,188,202,207.0
0747,Austin K-8,LL,1,Anon#835,Reading,,171,190,203.0
0747,Austin K-8,LL,1,Anon#835,Math,,165,194,204.0
0698,Austin K-8,LL,1,Anon#957,Reading,,169,182,191.0
0698,Austin K-8,LL,1,Anon#957,Math,,161,197,203.0
0691,Austin K-8,LL,1,Anon#1021,Reading,,162,185,181.0
0691,Austin K-8,LL,1,Anon#1021,Math,,140,192,195.0
0685,Austin K-8,LL,1,Anon#1378,Reading,,178,195,209.0
0685,Austin K-8,LL,1,Anon#1378,Math,,171,185,190.0
0609,Austin K-8,LL,1,Anon#1517,Reading,187,195,210,201.0
0609,Austin K-8,LL,1,Anon#1517,Math,197,189,201,204.0
0722,Austin K-8,LL,K,Anon#1595,Reading,,141,163,170.0
0722,Austin K-8,LL,K,Anon#1595,Math,,150,165,180.0
0626,Austin K-8,LL,1,Anon#1637,Reading,186,184,197,199.0
0626,Austin K-8,LL,1,Anon#1637,Math,191,186,210,221.0
0701,Austin K-8,Anon#001,Anon#001,Anon#2182,Reading,,159,175,190.0
0701,Austin K-8,Anon#001,Anon#001,Anon#2182,Math,,162,175,193.0
0606,Austin K-8,LL,1,Anon#2285,Reading,168,173,202,200.0
0606,Austin K-8,LL,1,Anon#2285,Math,168,161,180,206.0
0686,Austin K-8,LL,1,Anon#2317,Reading,,181,192,197.0
0686,Austin K-8,LL,1,Anon#2317,Math,,176,186,203.0
0636,Austin K-8,LL,K,Anon#2321,Reading,,173,190,202.0
0636,Austin K-8,LL,K,Anon#2321,Math,,172,198,210.0
0919,Austin K-8,PKBY,PK,Anon#198,Reading,,,,134.0
0919,Austin K-8,PKBY,PK,Anon#198,Math,,,137,
0951,Austin K-8,PKBY,PK,Anon#207,Reading,,,,116.0
0951,Austin K-8,PKBY,PK,Anon#207,Math,,,,149.0
0848,Austin K-8,PKBY,PK,Anon#630,Reading,,,151,163.0
0848,Austin K-8,PKBY,PK,Anon#630,Math,,,151,165.0
0895,Austin K-8,LL,K,Anon#1486,Reading,,,130,138.0
0895,Austin K-8,LL,K,Anon#1486,Math,,,129,141.0
0684,Austin K-8,PKBY,K,Anon#1697,Reading,,142,140,166.0
0684,Austin K-8,PKBY,K,Anon#1697,Math,,142,141,165.0
0846,Austin K-8,PKBY,PK,Anon#2195,Reading,,,137,153.0
0846,Austin K-8,PKBY,PK,Anon#2195,Math,,,139,166.0
0603,Brownsville K-8,L1,5,Anon#718,Reading,237,232,242,241.0
0603,Brownsville K-8,L1,5,Anon#718,Math,234,223,241,247.0
0603,Brownsville K-8,L1,5,Anon#718,Language,233,234,240,241.0
0603,Brownsville K-8,L1,5,Anon#718,Science,238,237,243,243.0
0620,Brownsville K-8,L1,4,Anon#1289,Reading,231,215,229,231.0
0620,Brownsville K-8,L1,4,Anon#1289,Math,215,203,219,225.0
0620,Brownsville K-8,L1,4,Anon#1289,Language,221,216,227,230.0
0620,Brownsville K-8,L1,4,Anon#1289,Science,217,205,217,232.0
0746,Brownsville K-8,L1,4,Anon#1768,Reading,,226,237,242.0
0746,Brownsville K-8,L1,4,Anon#1768,Math,,219,232,228.0
0746,Brownsville K-8,L1,4,Anon#1768,Language,,229,232,237.0
0746,Brownsville K-8,L1,4,Anon#1768,Science,,216,229,230.0
0629,Brownsville K-8,L1,3,Anon#1883,Reading,208,211,219,215.0
0629,Brownsville K-8,L1,3,Anon#1883,Math,210,201,210,220.0
0629,Brownsville K-8,L1,3,Anon#1883,Language,202,206,212,217.0
0629,Brownsville K-8,L1,3,Anon#1883,Science,202,,213,216.0
1252,Brownsville K-8,L2,6,Anon#1030,Reading,,,,236.0
1252,Brownsville K-8,L2,6,Anon#1030,Math,,,,236.0
1252,Brownsville K-8,L2,6,Anon#1030,Language,,,,236.0
1252,Brownsville K-8,L2,6,Anon#1030,Science,,,,232.0
0611,Brownsville K-8,L2,5,Anon#1222,Reading,221,225,227,226.0
0611,Brownsville K-8,L2,5,Anon#1222,Math,217,221,226,237.0
0611,Brownsville K-8,L2,5,Anon#1222,Language,219,222,225,222.0
0611,Brownsville K-8,L2,5,Anon#1222,Science,216,220,,223.0
0732,Brownsville K-8,L2,6,Anon#1276,Reading,,220,228,236.0
0732,Brownsville K-8,L2,6,Anon#1276,Math,,219,234,237.0
0732,Brownsville K-8,L2,6,Anon#1276,Language,,228,231,233.0
0732,Brownsville K-8,L2,6,Anon#1276,Science,,219,231,233.0
0733,Brownsville K-8,L2,6,Anon#1386,Reading,,211,220,221.0
0733,Brownsville K-8,L2,6,Anon#1386,Math,,220,224,223.0
0733,Brownsville K-8,L2,6,Anon#1386,Language,,203,218,221.0
0733,Brownsville K-8,L2,6,Anon#1386,Science,,200,211,222.0
0619,Brownsville K-8,L2,7,Anon#1686,Reading,235,234,239,241.0
0619,Brownsville K-8,L2,7,Anon#1686,Math,222,213,229,237.0
0619,Brownsville K-8,L2,7,Anon#1686,Language,223,214,226,228.0
0619,Brownsville K-8,L2,7,Anon#1686,Science,222,224,233,231.0
0644,Brownsville K-8,L2,6,Anon#1761,Reading,224,218,229,224.0
0644,Brownsville K-8,L2,6,Anon#1761,Math,220,217,220,221.0
0644,Brownsville K-8,L2,6,Anon#1761,Language,220,214,226,229.0
0644,Brownsville K-8,L2,6,Anon#1761,Science,217,212,221,228.0
0601,Brownsville K-8,L3,7,Anon#1874,Reading,252,244,255,254.0
0601,Brownsville K-8,L3,7,Anon#1874,Math,261,256,264,268.0
0601,Brownsville K-8,L3,7,Anon#1874,Language,254,249,256,264.0
0601,Brownsville K-8,L3,7,Anon#1874,Science,247,246,252,247.0
0610,Brownsville K-8,L3,7,Anon#1889,Reading,241,231,237,238.0
0610,Brownsville K-8,L3,7,Anon#1889,Math,238,233,244,248.0
0610,Brownsville K-8,L3,7,Anon#1889,Language,231,231,236,235.0
0610,Brownsville K-8,L3,7,Anon#1889,Science,220,225,233,230.0
0631,Brownsville K-8,Linc,2,Anon#014,Reading,187,191,200,210.0
0631,Brownsville K-8,Linc,2,Anon#014,Math,193,188,203,211.0
0631,Brownsville K-8,Linc,2,Anon#014,Language,,,200,208.0
0602,Brownsville K-8,Linc,1,Anon#113,Reading,190,198,206,212.0
0602,Brownsville K-8,Linc,1,Anon#113,Math,206,193,209,214.0
0602,Brownsville K-8,Linc,1,Anon#113,Language,,,200,208.0
0543,Brownsville K-8,Linc,2,Anon#259,Reading,175,175,193,200.0
0543,Brownsville K-8,Linc,2,Anon#259,Math,185,182,198,203.0
0543,Brownsville K-8,Linc,2,Anon#259,Language,,,192,198.0
0662,Brownsville K-8,Linc,2,Anon#384,Reading,,164,179,182.0
0662,Brownsville K-8,Linc,2,Anon#384,Math,,170,186,200.0
0662,Brownsville K-8,Linc,2,Anon#384,Language,,,178,190.0
0699,Brownsville K-8,Linc,3,Anon#791,Reading,180,183,198,201.0
0699,Brownsville K-8,Linc,3,Anon#791,Math,173,169,186,201.0
0699,Brownsville K-8,Linc,3,Anon#791,Language,173,173,191,201.0
0699,Brownsville K-8,Linc,3,Anon#791,Science,180,,,
2383,Brownsville K-8,Linc,2,Anon#2178,Reading,,,,191.0
2383,Brownsville K-8,Linc,2,Anon#2178,Math,,,,191.0
2383,Brownsville K-8,Linc,2,Anon#2178,Language,,,,
0562,Brownsville K-8,Linc,3,Anon#2407,Reading,183,181,197,216.0
0562,Brownsville K-8,Linc,3,Anon#2407,Math,203,182,198,208.0
0562,Brownsville K-8,Linc,3,Anon#2407,Language,188,187,203,206.0
0562,Brownsville K-8,Linc,3,Anon#2407,Science,181,,,
0736,Brownsville K-8,LL,1,Anon#304,Reading,,156,178,182.0
0736,Brownsville K-8,LL,1,Anon#304,Math,,178,202,212.0
0643,Brownsville K-8,LL,K,Anon#620,Reading,149,145,169,188.0
0643,Brownsville K-8,LL,K,Anon#620,Math,163,142,174,197.0
0651,Brownsville K-8,LL,1,Anon#650,Reading,,170,193,204.0
0651,Brownsville K-8,LL,1,Anon#650,Math,,175,205,219.0
0703,Brownsville K-8,LL,1,Anon#701,Reading,,153,178,187.0
0703,Brownsville K-8,LL,1,Anon#701,Math,,163,194,202.0
0700,Brownsville K-8,LL,K,Anon#790,Math,148,143,166,176.0
0700,Brownsville K-8,LL,K,Anon#790,Reading,144,147,156,169.0
0664,Brownsville K-8,LL,1,Anon#1217,Reading,169,163,187,187.0
0664,Brownsville K-8,LL,1,Anon#1217,Math,175,169,188,197.0
0724,Brownsville K-8,LL,K,Anon#1323,Reading,,121,148,144.0
0724,Brownsville K-8,LL,K,Anon#1323,Math,,,163,160.0
0782,Brownsville K-8,LL,K,Anon#1495,Reading,,,169,179.0
0782,Brownsville K-8,LL,K,Anon#1495,Math,,,171,182.0
0725,Brownsville K-8,LL,K,Anon#1762,Reading,,132,151,159.0
0725,Brownsville K-8,LL,K,Anon#1762,Math,,,156,160.0
0739,Brownsville K-8,LL,K,Anon#1884,Reading,,145,168,186.0
0739,Brownsville K-8,LL,K,Anon#1884,Math,,159,176,193.0
0663,Brownsville K-8,LL,K,Anon#2261,Reading,143,148,152,169.0
0663,Brownsville K-8,LL,K,Anon#2261,Math,154,154,168,176.0
0745,Brownsville K-8,LL,K,Anon#2264,Reading,,173,192,204.0
0745,Brownsville K-8,LL,K,Anon#2264,Math,,176,202,217.0
0689,Brownsville K-8,LL,1,Anon#2432,Reading,,179,199,200.0
0689,Brownsville K-8,LL,1,Anon#2432,Math,,183,209,227.0
0642,Brownsville K-8,PKBY,PK,Anon#603,Math,151,137,,177.0
0642,Brownsville K-8,PKBY,PK,Anon#603,Reading,,143,,167.0
0647,Brownsville K-8,PKBY,PK,Anon#668,Math,,,142,185.0
0647,Brownsville K-8,PKBY,PK,Anon#668,Reading,,,144,150.0
0738,Brownsville K-8,PKBY,PK,Anon#674,Math,,148,174,182.0
0738,Brownsville K-8,PKBY,PK,Anon#674,Reading,,140,174,169.0
0687,Brownsville K-8,PKBY,PK,Anon#1321,Math,,150,178,182.0
0687,Brownsville K-8,PKBY,PK,Anon#1321,Reading,,138,166,173.0
0726,Brownsville K-8,PKBY,PK,Anon#1482,Math,,138,158,160.0
0726,Brownsville K-8,PKBY,PK,Anon#1482,Reading,,134,152,157.0
0641,Brownsville K-8,PKBY,PK,Anon#1850,Math,,,143,141.0
0641,Brownsville K-8,PKBY,PK,Anon#1850,Reading,,,140,147.0
0731,Brownsville K-8,PKBY,PK,Anon#1912,Math,,141,1633,167.0
0731,Brownsville K-8,PKBY,PK,Anon#1912,Reading,,145,173,164.0
2559,Esports Academy: Austin,L2,6,Anon#366,Reading,,,,188.0
2559,Esports Academy: Austin,L2,6,Anon#366,Math,,,,203.0
2559,Esports Academy: Austin,L2,6,Anon#366,Language,,,,190.0
2559,Esports Academy: Austin,L2,6,Anon#366,Science,,,,194.0
0755,Esports Academy: Austin,L2,6,Anon#737,Reading,,218,229,230.0
0755,Esports Academy: Austin,L2,6,Anon#737,Math,,216,234,240.0
0755,Esports Academy: Austin,L2,6,Anon#737,Language,,214,236,229.0
0755,Esports Academy: Austin,L2,6,Anon#737,Science,,214,222,224.0
0944,Esports Academy: Austin,L2,6,Anon#1216,Reading,,,206,220.0
0944,Esports Academy: Austin,L2,6,Anon#1216,Math,,,212,223.0
0944,Esports Academy: Austin,L2,6,Anon#1216,Language,,,195,209.0
0944,Esports Academy: Austin,L2,6,Anon#1216,Science,,,200,220.0
0778,Esports Academy: Austin,L2,5,Anon#2332,Reading,,211,223,224.0
0778,Esports Academy: Austin,L2,5,Anon#2332,Math,,211,213,224.0
0778,Esports Academy: Austin,L2,5,Anon#2332,Language,,208,224,222.0
0778,Esports Academy: Austin,L2,5,Anon#2332,Science,,,220,216.0
0744,Esports Academy: Austin,L3,7,Anon#321,Reading,,230,234,238.0
0744,Esports Academy: Austin,L3,7,Anon#321,Math,,235,236,240.0
0744,Esports Academy: Austin,L3,7,Anon#321,Language,,231,227,234.0
0744,Esports Academy: Austin,L3,7,Anon#321,Science,,219,223,229.0
0950,GT School: Georgetown TX,L1,3,Anon#213,Reading,,,204,224.0
0950,GT School: Georgetown TX,L1,3,Anon#213,Math,,,205,221.0
0950,GT School: Georgetown TX,L1,3,Anon#213,Language,,,204,216.0
0950,GT School: Georgetown TX,L1,3,Anon#213,Science,,,202,215.0
0768,GT School: Georgetown TX,L1,4,Anon#720,Reading,,,237,240.0
0768,GT School: Georgetown TX,L1,4,Anon#720,Math,,,220,230.0
0768,GT School: Georgetown TX,L1,4,Anon#720,Language,,,232,240.0
0768,GT School: Georgetown TX,L1,4,Anon#720,Science,,,229,229.0
0762,GT School: Georgetown TX,L1,5,Anon#1576,Reading,,223,233,235.0
0762,GT School: Georgetown TX,L1,5,Anon#1576,Math,,215,223,241.0
0762,GT School: Georgetown TX,L1,5,Anon#1576,Language,,220,229,235.0
0762,GT School: Georgetown TX,L1,5,Anon#1576,Science,,215,224,236.0
0765,GT School: Georgetown TX,L2,6,Anon#1182,Reading,,223,240,239.0
0765,GT School: Georgetown TX,L2,6,Anon#1182,Math,,227,243,260.0
0765,GT School: Georgetown TX,L2,6,Anon#1182,Language,,215,235,238.0
0765,GT School: Georgetown TX,L2,6,Anon#1182,Science,,217,225,238.0
0948,GT School: Georgetown TX,L2,6,Anon#1317,Reading,,,225,236.0
0948,GT School: Georgetown TX,L2,6,Anon#1317,Math,,,239,243.0
0948,GT School: Georgetown TX,L2,6,Anon#1317,Language,,,218,225.0
0948,GT School: Georgetown TX,L2,6,Anon#1317,Science,,,219,224.0
0763,GT School: Georgetown TX,L3,7,Anon#951,Reading,,240,246,252.0
0763,GT School: Georgetown TX,L3,7,Anon#951,Math,,258,273,281.0
0763,GT School: Georgetown TX,L3,7,Anon#951,Language,,230,242,249.0
0763,GT School: Georgetown TX,L3,7,Anon#951,Science,,238,247,246.0
0707,GT School: Georgetown TX,Linc,2,Anon#1383,Reading,,,206,216.0
0707,GT School: Georgetown TX,Linc,2,Anon#1383,Math,,,201,213.0
0707,GT School: Georgetown TX,Linc,2,Anon#1383,Language,,,206,221.0
1238,GT School: Georgetown TX,Linc,3,Anon#1631,Reading,,,,
1238,GT School: Georgetown TX,Linc,3,Anon#1631,Math,,,,
1238,GT School: Georgetown TX,Linc,3,Anon#1631,Language,,,,
0754,GT School: Georgetown TX,LL,2,Anon#394,Reading,,181,203,224.0
0754,GT School: Georgetown TX,LL,2,Anon#394,Math,,163,189,202.0
0753,GT School: Georgetown TX,LL,1,Anon#685,Reading,,160,202,216.0
0753,GT School: Georgetown TX,LL,1,Anon#685,Math,,173,194,210.0
0753,GT School: Georgetown TX,LL,1,Anon#685,Language,,157,196,204.0
2509,GT School: Georgetown TX,Linc,2,Anon#703,Reading,,,,184.0
2509,GT School: Georgetown TX,Linc,2,Anon#703,Math,,,,
0706,GT School: Georgetown TX,LL,1,Anon#1066,Reading,,,177,198.0
0706,GT School: Georgetown TX,LL,1,Anon#1066,Math,,,196,208.0
2529,GT School: Georgetown TX,PKBY,PK,Anon#746,Reading,,,,163.0
2529,GT School: Georgetown TX,PKBY,PK,Anon#746,Math,,,,166.0
2512,GT School: Georgetown TX,PKBY,PK,Anon#1756,Reading,,,,148.0
2512,GT School: Georgetown TX,PKBY,PK,Anon#1756,Math,,,,156.0
0976,Sports Academy: Lakeway,L1,4,Anon#067,Reading,,,225,225.0
0976,Sports Academy: Lakeway,L1,4,Anon#067,Math,,,214,227.0
0976,Sports Academy: Lakeway,L1,4,Anon#067,Language,,,222,228.0
0976,Sports Academy: Lakeway,L1,4,Anon#067,Science,,,216,226.0
0989,Sports Academy: Lakeway,L1,3,Anon#594,Reading,,,,193.0
0989,Sports Academy: Lakeway,L1,3,Anon#594,Math,,,,182.0
0989,Sports Academy: Lakeway,L1,3,Anon#594,Language,,,,185.0
0989,Sports Academy: Lakeway,L1,3,Anon#594,Science,,,,199.0
1990,Sports Academy: Lakeway,L1,4,Anon#996,Reading,,,,183.0
1990,Sports Academy: Lakeway,L1,4,Anon#996,Math,,,,195.0
1990,Sports Academy: Lakeway,L1,4,Anon#996,Language,,,,184.0
1990,Sports Academy: Lakeway,L1,4,Anon#996,Science,,,,192.0
0455,Sports Academy: Lakeway,L1,3,Anon#1425,Reading,209,208,218,222.0
0455,Sports Academy: Lakeway,L1,3,Anon#1425,Math,215,204,214,212.0
0455,Sports Academy: Lakeway,L1,3,Anon#1425,Language,205,210,221,212.0
0455,Sports Academy: Lakeway,L1,3,Anon#1425,Science,197,197,208,211.0
0908,Sports Academy: Lakeway,L1,4,Anon#1684,Reading,,,,205.0
0908,Sports Academy: Lakeway,L1,4,Anon#1684,Math,,,,201.0
0908,Sports Academy: Lakeway,L1,4,Anon#1684,Language,,,,198.0
0908,Sports Academy: Lakeway,L1,4,Anon#1684,Science,,,,211.0
0971,Sports Academy: Lakeway,L1,4,Anon#2402,Reading,,,205,213.0
0971,Sports Academy: Lakeway,L1,4,Anon#2402,Math,,,203,208.0
0971,Sports Academy: Lakeway,L1,4,Anon#2402,Language,,,,213.0
0971,Sports Academy: Lakeway,L1,4,Anon#2402,Science,,,,211.0
0454,Sports Academy: Lakeway,L2,6,Anon#051,Reading,226,230,228,229.0
0454,Sports Academy: Lakeway,L2,6,Anon#051,Math,242,240,241,242.0
0454,Sports Academy: Lakeway,L2,6,Anon#051,Language,216,218,230,226.0
0454,Sports Academy: Lakeway,L2,6,Anon#051,Science,225,214,223,230.0
1919,Sports Academy: Lakeway,L2,6,Anon#447,Reading,,,,174.0
1919,Sports Academy: Lakeway,L2,6,Anon#447,Math,,,,181.0
1919,Sports Academy: Lakeway,L2,6,Anon#447,Language,,,,179.0
1919,Sports Academy: Lakeway,L2,6,Anon#447,Science,,,,185.0
0712,Sports Academy: Lakeway,L2,5,Anon#1056,Reading,,205,202,200.0
0712,Sports Academy: Lakeway,L2,5,Anon#1056,Math,,200,206,213.0
0712,Sports Academy: Lakeway,L2,5,Anon#1056,Language,,203,205,210.0
0712,Sports Academy: Lakeway,L2,5,Anon#1056,Science,,207,207,204.0
1925,Sports Academy: Lakeway,L2,5,Anon#1090,Reading,,,,224.0
1925,Sports Academy: Lakeway,L2,5,Anon#1090,Math,,,,227.0
1925,Sports Academy: Lakeway,L2,5,Anon#1090,Language,,,,220.0
1925,Sports Academy: Lakeway,L2,5,Anon#1090,Science,,,,232.0
0907,Sports Academy: Lakeway,L2,6,Anon#2001,Reading,,,224,217.0
0907,Sports Academy: Lakeway,L2,6,Anon#2001,Math,,,211,213.0
0907,Sports Academy: Lakeway,L2,6,Anon#2001,Language,,,203,203.0
0907,Sports Academy: Lakeway,L2,6,Anon#2001,Science,,,208,206.0
0918,Sports Academy: Lakeway,L3,7,Anon#1017,Reading,,,224,222.0
0918,Sports Academy: Lakeway,L3,7,Anon#1017,Math,,,231,234.0
0918,Sports Academy: Lakeway,L3,7,Anon#1017,Language,,,218,224.0
0918,Sports Academy: Lakeway,L3,7,Anon#1017,Science,,,212,211.0
0844,Sports Academy: Lakeway,L3,8,Anon#1674,Reading,,,218,226.0
0844,Sports Academy: Lakeway,L3,8,Anon#1674,Math,,,221,219.0
0844,Sports Academy: Lakeway,L3,8,Anon#1674,Language,,,219,216.0
0844,Sports Academy: Lakeway,L3,8,Anon#1674,Science,,,215,218.0
0568,Sports Academy: Lakeway,L3,8,Anon#1933,Reading,251,238,234,243.0
0568,Sports Academy: Lakeway,L3,8,Anon#1933,Math,254,245,250,264.0
0568,Sports Academy: Lakeway,L3,8,Anon#1933,Language,243,236,236,245.0
0568,Sports Academy: Lakeway,L3,8,Anon#1933,Science,246,240,250,253.0
0761,Sports Academy: Lakeway,Linc,2,Anon#452,Reading,,165,187,196.0
0761,Sports Academy: Lakeway,Linc,2,Anon#452,Math,,189,195,210.0
0761,Sports Academy: Lakeway,Linc,2,Anon#452,Language,,171,197,208.0
0713,Sports Academy: Lakeway,Linc,2,Anon#626,Reading,,163,181,190.0
0713,Sports Academy: Lakeway,Linc,2,Anon#626,Math,,171,184,196.0
0713,Sports Academy: Lakeway,Linc,2,Anon#626,Language,,160,168,189.0
0868,Sports Academy: Lakeway,Linc,3,Anon#1257,Reading,,,218,222.0
0868,Sports Academy: Lakeway,Linc,3,Anon#1257,Math,,,211,226.0
0868,Sports Academy: Lakeway,Linc,3,Anon#1257,Language,,,204,214.0
0567,Sports Academy: Lakeway,Linc,2,Anon#1320,Reading,208,200,202,218.0
0567,Sports Academy: Lakeway,Linc,2,Anon#1320,Math,215,204,217,219.0
0567,Sports Academy: Lakeway,Linc,2,Anon#1320,Language,,196,201,215.0
0945,Sports Academy: Lakeway,LL,1,Anon#987,Reading,,,186,196.0
0945,Sports Academy: Lakeway,LL,1,Anon#987,Math,,,198,203.0
0764,Sports Academy: Lakeway,LL,1,Anon#1629,Reading,,183,197,206.0
0764,Sports Academy: Lakeway,LL,1,Anon#1629,Math,,186,211,233.0
5039,Texas Preparatory School,L1,4,Anon#083,Reading,,168,171,179.0
5039,Texas Preparatory School,L1,4,Anon#083,Math,,179,194,204.0
5039,Texas Preparatory School,L1,4,Anon#083,Language,,159,161,180.0
5039,Texas Preparatory School,L1,4,Anon#083,Science,,170,173,180.0
5030,Texas Preparatory School,L1,4,Anon#105,Reading,,186,198,199.0
5030,Texas Preparatory School,L1,4,Anon#105,Math,,178,183,177.0
5030,Texas Preparatory School,L1,4,Anon#105,Language,,185,191,194.0
5030,Texas Preparatory School,L1,4,Anon#105,Science,,180,,191.0
5028,Texas Preparatory School,L1,4,Anon#109,Reading,,187,191,191.0
5028,Texas Preparatory School,L1,4,Anon#109,Math,,188,192,204.0
5028,Texas Preparatory School,L1,4,Anon#109,Language,,183,,189.0
5028,Texas Preparatory School,L1,4,Anon#109,Science,,174,191,191.0
5022,Texas Preparatory School,L1,3,Anon#155,Reading,,167,175,181.0
5022,Texas Preparatory School,L1,3,Anon#155,Math,,181,197,200.0
5022,Texas Preparatory School,L1,3,Anon#155,Language,,169,187,194.0
5022,Texas Preparatory School,L1,3,Anon#155,Science,,189,187,187.0
5018,Texas Preparatory School,L1,3,Anon#401,Reading,,154,148,159.0
5018,Texas Preparatory School,L1,3,Anon#401,Math,,170,180,189.0
5018,Texas Preparatory School,L1,3,Anon#401,Language,,153,149,154.0
5018,Texas Preparatory School,L1,3,Anon#401,Science,,173,169,171.0
5041,Texas Preparatory School,L1,3,Anon#568,Reading,,154,152,161.0
5041,Texas Preparatory School,L1,3,Anon#568,Math,,144,156,165.0
5041,Texas Preparatory School,L1,3,Anon#568,Language,,144,150,154.0
5041,Texas Preparatory School,L1,3,Anon#568,Science,,165,162,167.0
0949,Texas Preparatory School,L1,3,Anon#724,Reading,,,206,218.0
0949,Texas Preparatory School,L1,3,Anon#724,Math,,,199,207.0
0949,Texas Preparatory School,L1,3,Anon#724,Language,,,202,217.0
0949,Texas Preparatory School,L1,3,Anon#724,Science,,,204,201.0
5019,Texas Preparatory School,L1,3,Anon#950,Reading,,,159,174.0
5019,Texas Preparatory School,L1,3,Anon#950,Math,,,,168.0
5019,Texas Preparatory School,L1,3,Anon#950,Language,,,154,154.0
5019,Texas Preparatory School,L1,3,Anon#950,Science,,,170,173.0
5027,Texas Preparatory School,L1,4,Anon#974,Reading,,185,177,189.0
5027,Texas Preparatory School,L1,4,Anon#974,Math,,188,198,190.0
5027,Texas Preparatory School,L1,4,Anon#974,Language,,170,165,177.0
5027,Texas Preparatory School,L1,4,Anon#974,Science,,178,180,179.0
5025,Texas Preparatory School,L1,3,Anon#1763,Reading,,175,160,168.0
5025,Texas Preparatory School,L1,3,Anon#1763,Math,,160,173,182.0
5025,Texas Preparatory School,L1,3,Anon#1763,Language,,150,157,170.0
5025,Texas Preparatory School,L1,3,Anon#1763,Science,,169,166,172.0
5058,Texas Preparatory School,L1,3,Anon#1773,Reading,,156,154,164.0
5058,Texas Preparatory School,L1,3,Anon#1773,Math,,166,175,180.0
5058,Texas Preparatory School,L1,3,Anon#1773,Language,,149,159,163.0
5058,Texas Preparatory School,L1,3,Anon#1773,Science,,169,165,167.0
0811,Texas Preparatory School,L1,2,Anon#2180,Reading,,,150,164.0
0811,Texas Preparatory School,L1,2,Anon#2180,Math,,,160,179.0
0811,Texas Preparatory School,L1,2,Anon#2180,Language,,,158,
5051,Texas Preparatory School,L1,4,Anon#2383,Reading,,169,193,197.0
5051,Texas Preparatory School,L1,4,Anon#2383,Math,,192,197,198.0
5051,Texas Preparatory School,L1,4,Anon#2383,Language,,167,188,193.0
5051,Texas Preparatory School,L1,4,Anon#2383,Science,,184,188,190.0
5043,Texas Preparatory School,L2,6,Anon#756,Reading,,165,179,214.0
5043,Texas Preparatory School,L2,6,Anon#756,Math,,182,196,213.0
5043,Texas Preparatory School,L2,6,Anon#756,Language,,172,170,187.0
5043,Texas Preparatory School,L2,6,Anon#756,Science,,188,192,207.0
5038,Texas Preparatory School,L2,6,Anon#769,Reading,,172,,214.0
5038,Texas Preparatory School,L2,6,Anon#769,Math,,197,208,212.0
5038,Texas Preparatory School,L2,6,Anon#769,Language,,176,199,206.0
5038,Texas Preparatory School,L2,6,Anon#769,Science,,183,194,206.0
5059,Texas Preparatory School,L2,5,Anon#900,Reading,,164,196,218.0
5059,Texas Preparatory School,L2,5,Anon#900,Math,,193,203,221.0
5059,Texas Preparatory School,L2,5,Anon#900,Language,,190,185,206.0
5059,Texas Preparatory School,L2,5,Anon#900,Science,,187,197,204.0
5035,Texas Preparatory School,L2,5,Anon#958,Reading,,202,206,210.0
5035,Texas Preparatory School,L2,5,Anon#958,Math,,191,183,192.0
5035,Texas Preparatory School,L2,5,Anon#958,Language,,,,207.0
5035,Texas Preparatory School,L2,5,Anon#958,Science,,195,199,201.0
5034,Texas Preparatory School,L2,5,Anon#1026,Reading,,163,170,207.0
5034,Texas Preparatory School,L2,5,Anon#1026,Math,,190,191,211.0
5034,Texas Preparatory School,L2,5,Anon#1026,Language,,166,177,172.0
5034,Texas Preparatory School,L2,5,Anon#1026,Science,,176,188,192.0
5036,Texas Preparatory School,L2,5,Anon#1250,Reading,,,175,181.0
5036,Texas Preparatory School,L2,5,Anon#1250,Math,,,196,202.0
5036,Texas Preparatory School,L2,5,Anon#1250,Language,,,182,200.0
5036,Texas Preparatory School,L2,5,Anon#1250,Science,,,185,202.0
5037,Texas Preparatory School,L2,6,Anon#1503,Reading,,206,206,206.0
5037,Texas Preparatory School,L2,6,Anon#1503,Math,,203,199,205.0
5037,Texas Preparatory School,L2,6,Anon#1503,Language,,187,204,211.0
5037,Texas Preparatory School,L2,6,Anon#1503,Science,,199,200,205.0
5050,Texas Preparatory School,L2,5,Anon#2114,Reading,,211,211,213.0
5050,Texas Preparatory School,L2,5,Anon#2114,Math,,186,184,199.0
5050,Texas Preparatory School,L2,5,Anon#2114,Language,,195,,210.0
5050,Texas Preparatory School,L2,5,Anon#2114,Science,,,212,210.0
5033,Texas Preparatory School,L2,5,Anon#2128,Reading,,180,189,193.0
5033,Texas Preparatory School,L2,5,Anon#2128,Math,,178,,185.0
5033,Texas Preparatory School,L2,5,Anon#2128,Language,,167,,197.0
5033,Texas Preparatory School,L2,5,Anon#2128,Science,,178,195,198.0
5006,Texas Preparatory School,Linc,1,Anon#003,Reading,,152,159,169.0
5006,Texas Preparatory School,Linc,1,Anon#003,Math,,139,162,174.0
5011,Texas Preparatory School,Linc,1,Anon#156,Reading,,128,126,136.0
5011,Texas Preparatory School,Linc,1,Anon#156,Math,,121,134,156.0
5011,Texas Preparatory School,Linc,1,Anon#156,Math,,121,148,156.0
5012,Texas Preparatory School,Linc,1,Anon#244,Reading,,146,166,166.0
5012,Texas Preparatory School,Linc,1,Anon#244,Math,,150,168,170.0
5014,Texas Preparatory School,Linc,1,Anon#734,Reading,,130,,167.0
5014,Texas Preparatory School,Linc,1,Anon#734,Math,,138,148,175.0
5013,Texas Preparatory School,Linc,1,Anon#1002,Reading,,,160,168.0
5013,Texas Preparatory School,Linc,1,Anon#1002,Math,,,167,179.0
5002,Texas Preparatory School,Linc,1,Anon#1081,Reading,,165,,
5002,Texas Preparatory School,Linc,1,Anon#1081,Math,,157,,
5010,Texas Preparatory School,Linc,1,Anon#1084,Reading,,127,133,140.0
5010,Texas Preparatory School,Linc,1,Anon#1084,Math,,129,141,153.0
5015,Texas Preparatory School,Linc,2,Anon#1097,Reading,,148,159,169.0
5015,Texas Preparatory School,Linc,2,Anon#1097,Math,,159,170,174.0
5015,Texas Preparatory School,Linc,2,Anon#1097,Language,,,,
5007,Texas Preparatory School,Linc,1,Anon#1443,Reading,,128,149,152.0
5007,Texas Preparatory School,Linc,1,Anon#1443,Math,,135,151,159.0
5005,Texas Preparatory School,Linc,1,Anon#1546,Reading,,162,173,186.0
5005,Texas Preparatory School,Linc,1,Anon#1546,Math,,170,178,185.0
5020,Texas Preparatory School,Linc,2,Anon#1586,Reading,,172,185,186.0
5020,Texas Preparatory School,Linc,2,Anon#1586,Math,,179,191,198.0
5020,Texas Preparatory School,Linc,2,Anon#1586,Language,,169,181,180.0
5016,Texas Preparatory School,Linc,2,Anon#1918,Reading,,140,157,165.0
5016,Texas Preparatory School,Linc,2,Anon#1918,Math,,160,176,183.0
5016,Texas Preparatory School,Linc,2,Anon#1918,Language,,,,
5004,Texas Preparatory School,Linc,1,Anon#1937,Reading,,143,157,171.0
5004,Texas Preparatory School,Linc,1,Anon#1937,Math,,146,163,172.0
5008,Texas Preparatory School,Linc,1,Anon#2205,Reading,,154,164,173.0
5008,Texas Preparatory School,Linc,1,Anon#2205,Math,,163,174,195.0
5003,Texas Preparatory School,Linc,1,Anon#2260,Reading,,129,130,143.0
5003,Texas Preparatory School,Linc,1,Anon#2260,Math,,126,149,148.0
5003,Texas Preparatory School,Linc,1,Anon#2260,Math,,,139,148.0
5021,Texas Preparatory School,Linc,2,Anon#2262,Reading,,127,134,166.0
5021,Texas Preparatory School,Linc,2,Anon#2262,Math,,132,156,176.0
5021,Texas Preparatory School,Linc,2,Anon#2262,Math,,,169,176.0
5021,Texas Preparatory School,Linc,2,Anon#2262,Language,,,168,
1926,Texas Preparatory School,LL,1,Anon#185,Reading,,,,136.0
1926,Texas Preparatory School,LL,1,Anon#185,Math,,,,165.0
5070,Texas Preparatory School,LL,1,Anon#385,Reading,,,168,181.0
5070,Texas Preparatory School,LL,1,Anon#385,Math,,,170,179.0
5001,Texas Preparatory School,LL,K,Anon#820,Reading,,129,150,157.0
5001,Texas Preparatory School,LL,K,Anon#820,Math,,146,157,161.0
5068,Texas Preparatory School,LL,1,Anon#1152,Reading,,,,145.0
5068,Texas Preparatory School,LL,1,Anon#1152,Math,,,155,161.0
5069,Texas Preparatory School,LL,1,Anon#1297,Reading,,,148,156.0
5069,Texas Preparatory School,LL,1,Anon#1297,Math,,,146,162.0
5060,Texas Preparatory School,LL,1,Anon#1304,Reading,,137,154,156.0
5060,Texas Preparatory School,LL,1,Anon#1304,Math,,133,146,163.0
5065,Texas Preparatory School,LL,K,Anon#1417,Reading,,137,143,157.0
5065,Texas Preparatory School,LL,K,Anon#1417,Math,,128,151,156.0
5057,Texas Preparatory School,LL,1,Anon#1494,Reading,,135,161,170.0
5057,Texas Preparatory School,LL,1,Anon#1494,Math,,146,160,174.0
5064,Texas Preparatory School,LL,1,Anon#1541,Reading,,133,145,151.0
5064,Texas Preparatory School,LL,1,Anon#1541,Math,,131,152,163.0
5054,Texas Preparatory School,LL,1,Anon#1952,Reading,,126,131,159.0
5054,Texas Preparatory School,LL,1,Anon#1952,Math,,132,147,159.0
5054,Texas Preparatory School,LL,1,Anon#1952,Math,,132,147,159.0
0959,Texas Preparatory School,L2,5,Anon#843,Reading,,,,209.0
0959,Texas Preparatory School,L2,5,Anon#843,Math,,,,213.0
0959,Texas Preparatory School,L2,5,Anon#843,Language,,,,214.0
0959,Texas Preparatory School,L2,5,Anon#843,Science,,,,208.0
0982,Texas Preparatory School,L2,6,Anon#429,Reading,,,219,232.0
0982,Texas Preparatory School,L2,6,Anon#429,Math,,,208,210.0
0982,Texas Preparatory School,L2,6,Anon#429,Language,,,221,223.0
0982,Texas Preparatory School,L2,6,Anon#429,Science,,,219,213.0
0842,Single-user 2hr learning,L2,5,Anon#046,Reading,,,198,
0842,Single-user 2hr learning,L2,5,Anon#046,Math,,,197,
0842,Single-user 2hr learning,L2,5,Anon#046,Language,,,200,
0842,Single-user 2hr learning,L2,5,Anon#046,Science,,,207,
0788,Single-user 2hr learning,L2,5,Anon#052,Reading,,,221,223.0
0788,Single-user 2hr learning,L2,5,Anon#052,Math,,,216,215.0
0788,Single-user 2hr learning,L2,5,Anon#052,Language,,,210,210.0
0788,Single-user 2hr learning,L2,5,Anon#052,Science,,,209,216.0
0897,Single-user 2hr learning,L1,3,Anon#077,Reading,,,224,234.0
0897,Single-user 2hr learning,L1,3,Anon#077,Math,,,221,233.0
0897,Single-user 2hr learning,L1,3,Anon#077,Language,,,217,228.0
0897,Single-user 2hr learning,L1,3,Anon#077,Science,,,219,224.0
0783,Single-user 2hr learning,L3,7,Anon#112,Reading,,233,238,249.0
0783,Single-user 2hr learning,L3,7,Anon#112,Math,,253,245,253.0
0783,Single-user 2hr learning,L3,7,Anon#112,Language,,235,239,243.0
0783,Single-user 2hr learning,L3,7,Anon#112,Science,,229,237,233.0
0950,Single-user 2hr learning,L1,3,Anon#213,Reading,,,204,224.0
0950,Single-user 2hr learning,L1,3,Anon#213,Math,,,205,221.0
0950,Single-user 2hr learning,L1,3,Anon#213,Language,,,204,216.0
0950,Single-user 2hr learning,L1,3,Anon#213,Science,,,202,215.0
2262,Single-user 2hr learning,L3,7,Anon#285,Reading,,,,231.0
2262,Single-user 2hr learning,L3,7,Anon#285,Math,,,,244.0
2262,Single-user 2hr learning,L3,7,Anon#285,Language,,,,232.0
2262,Single-user 2hr learning,L3,7,Anon#285,Science,,,,223.0
0779,Single-user 2hr learning,L2,6,Anon#295,Reading,,220,,
0779,Single-user 2hr learning,L2,6,Anon#295,Math,,198,,
0779,Single-user 2hr learning,L2,6,Anon#295,Language,,227,,
0779,Single-user 2hr learning,L2,6,Anon#295,Science,,202,,
2389,Single-user 2hr learning,L2,4,Anon#306,Reading,,,,214.0
2389,Single-user 2hr learning,L2,4,Anon#306,Math,,,,224.0
2389,Single-user 2hr learning,L2,4,Anon#306,Language,,,,214.0
2389,Single-user 2hr learning,L2,4,Anon#306,Science,,,,208.0
0375,Single-user 2hr learning,Linc,2,Anon#367,Reading,202,198,212,209.0
0375,Single-user 2hr learning,Linc,2,Anon#367,Math,205,202,202,215.0
0375,Single-user 2hr learning,Linc,2,Anon#367,Language,,203,206,210.0
2387,Single-user 2hr learning,L2,5,Anon#397,Reading,,,,
2387,Single-user 2hr learning,L2,5,Anon#397,Math,,,,207.0
2387,Single-user 2hr learning,L2,5,Anon#397,Language,,,,224.0
2387,Single-user 2hr learning,L2,5,Anon#397,Science,,,,211.0
2556,Single-user 2hr learning,L3,8,Anon#514,Reading,,,,
2556,Single-user 2hr learning,L3,8,Anon#514,Math,,,,
2556,Single-user 2hr learning,L3,8,Anon#514,Language,,,,
2556,Single-user 2hr learning,L3,8,Anon#514,Science,,,,
0798,Single-user 2hr learning,L2,5,Anon#562,Reading,,,229,230.0
0798,Single-user 2hr learning,L2,5,Anon#562,Math,,,221,240.0
0798,Single-user 2hr learning,L2,5,Anon#562,Language,,,223,225.0
0798,Single-user 2hr learning,L2,5,Anon#562,Science,,,215,221.0
0771,Single-user 2hr learning,L1,4,Anon#802,Reading,,219,233,246.0
0771,Single-user 2hr learning,L1,4,Anon#802,Math,,216,231,247.0
0771,Single-user 2hr learning,L1,4,Anon#802,Language,,225,240,251.0
0771,Single-user 2hr learning,L1,4,Anon#802,Science,,220,225,234.0
1970,Single-user 2hr learning,L1,4,Anon#846,Reading,,,,218.0
1970,Single-user 2hr learning,L1,4,Anon#846,Math,,,,225.0
1970,Single-user 2hr learning,L1,4,Anon#846,Language,,,,215.0
1970,Single-user 2hr learning,L1,4,Anon#846,Science,,,,219.0
1918,Single-user 2hr learning,L1,3,Anon#930,Reading,,,,217.0
1918,Single-user 2hr learning,L1,3,Anon#930,Math,,,,219.0
1918,Single-user 2hr learning,L1,3,Anon#930,Language,,,,216.0
1918,Single-user 2hr learning,L1,3,Anon#930,Science,,,,219.0
0789,Single-user 2hr learning,L1,4,Anon#933,Reading,,,210,212.0
0789,Single-user 2hr learning,L1,4,Anon#933,Math,,,201,211.0
0789,Single-user 2hr learning,L1,4,Anon#933,Language,,,203,209.0
0789,Single-user 2hr learning,L1,4,Anon#933,Science,,,215,211.0
0786,Single-user 2hr learning,L1,4,Anon#1024,Reading,,208,200,206.0
0786,Single-user 2hr learning,L1,4,Anon#1024,Math,,203,200,201.0
0786,Single-user 2hr learning,L1,4,Anon#1024,Language,,207,207,208.0
0786,Single-user 2hr learning,L1,4,Anon#1024,Science,,189,196,201.0
2260,Single-user 2hr learning,L2,5,Anon#1099,Reading,,,,207.0
2260,Single-user 2hr learning,L2,5,Anon#1099,Math,,,,222.0
2260,Single-user 2hr learning,L2,5,Anon#1099,Language,,,,196.0
2260,Single-user 2hr learning,L2,5,Anon#1099,Science,,,,202.0
0913,Single-user 2hr learning,Linc,2,Anon#1154,Reading,,,199,191.0
0913,Single-user 2hr learning,Linc,2,Anon#1154,Math,,,189,189.0
0913,Single-user 2hr learning,Linc,2,Anon#1154,Language,,,175,
0777,Single-user 2hr learning,L2,5,Anon#1171,Reading,,242,215,211.0
0777,Single-user 2hr learning,L2,5,Anon#1171,Math,,225,207,213.0
0777,Single-user 2hr learning,L2,5,Anon#1171,Language,,227,214,210.0
0777,Single-user 2hr learning,L2,5,Anon#1171,Science,,228,204,200.0
1972,Single-user 2hr learning,L1,3,Anon#1237,Reading,,,,202.0
1972,Single-user 2hr learning,L1,3,Anon#1237,Math,,,,215.0
1972,Single-user 2hr learning,L1,3,Anon#1237,Language,,,,207.0
1972,Single-user 2hr learning,L1,3,Anon#1237,Science,,,,190.0
1924,Single-user 2hr learning,L2,5,Anon#1260,Reading,,,,226.0
1924,Single-user 2hr learning,L2,5,Anon#1260,Math,,,,247.0
1924,Single-user 2hr learning,L2,5,Anon#1260,Language,,,,240.0
1924,Single-user 2hr learning,L2,5,Anon#1260,Science,,,,240.0
2261,Single-user 2hr learning,L3,7,Anon#1445,Reading,,,,241.0
2261,Single-user 2hr learning,L3,7,Anon#1445,Math,,,,251.0
2261,Single-user 2hr learning,L3,7,Anon#1445,Language,,,,234.0
2261,Single-user 2hr learning,L3,7,Anon#1445,Science,,,,226.0
0912,Single-user 2hr learning,L1,4,Anon#1491,Reading,,,200,199.0
0912,Single-user 2hr learning,L1,4,Anon#1491,Math,,,204,210.0
0912,Single-user 2hr learning,L1,4,Anon#1491,Language,,,194,201.0
0912,Single-user 2hr learning,L1,4,Anon#1491,Science,,,178,181.0
0609,Single-user 2hr learning,LL,1,Anon#1517,Reading,187,195,210,201.0
0609,Single-user 2hr learning,LL,1,Anon#1517,Math,197,189,201,204.0
0790,Single-user 2hr learning,Linc,2,Anon#1713,Reading,,,186,191.0
0790,Single-user 2hr learning,Linc,2,Anon#1713,Math,,,187,198.0
0790,Single-user 2hr learning,Linc,2,Anon#1713,Language,,,173,183.0
0780,Single-user 2hr learning,L1,4,Anon#1823,Reading,,,,
0780,Single-user 2hr learning,L1,4,Anon#1823,Math,,198,,
0780,Single-user 2hr learning,L1,4,Anon#1823,Language,,197,,
0780,Single-user 2hr learning,L1,4,Anon#1823,Science,,191,,
1917,Single-user 2hr learning,L1,4,Anon#1852,Reading,,,,227.0
1917,Single-user 2hr learning,L1,4,Anon#1852,Math,,,,223.0
1917,Single-user 2hr learning,L1,4,Anon#1852,Language,,,,221.0
1917,Single-user 2hr learning,L1,4,Anon#1852,Science,,,,216.0
1923,Single-user 2hr learning,L1,3,Anon#1892,Reading,,,,157.0
1923,Single-user 2hr learning,L1,3,Anon#1892,Math,,,,208.0
1923,Single-user 2hr learning,L1,3,Anon#1892,Language,,,,173.0
1923,Single-user 2hr learning,L1,3,Anon#1892,Science,,,,177.0
0208,Single-user 2hr learning,L1,4,Anon#1901,Reading,,218,222,214.0
0208,Single-user 2hr learning,L1,4,Anon#1901,Math,,207,219,215.0
0208,Single-user 2hr learning,L1,4,Anon#1901,Language,,218,214,214.0
0208,Single-user 2hr learning,L1,4,Anon#1901,Science,,209,216,218.0
0833,Single-user 2hr learning,L1,4,Anon#1920,Reading,,,,
0833,Single-user 2hr learning,L1,4,Anon#1920,Math,,,,
0833,Single-user 2hr learning,L1,4,Anon#1920,Language,,,,
0833,Single-user 2hr learning,L1,4,Anon#1920,Science,,,,
2388,Single-user 2hr learning,L2,6,Anon#2092,Reading,,,,216.0
2388,Single-user 2hr learning,L2,6,Anon#2092,Math,,,,233.0
2388,Single-user 2hr learning,L2,6,Anon#2092,Language,,,,217.0
2388,Single-user 2hr learning,L2,6,Anon#2092,Science,,,,215.0
0787,Single-user 2hr learning,L3,7,Anon#2119,Reading,,,234,237.0
0787,Single-user 2hr learning,L3,7,Anon#2119,Math,,,228,241.0
0787,Single-user 2hr learning,L3,7,Anon#2119,Language,,,225,232.0
0787,Single-user 2hr learning,L3,7,Anon#2119,Science,,,222,226.0
2541,Single-user 2hr learning,L1,4,Anon#2312,Reading,,,,228.0
2541,Single-user 2hr learning,L1,4,Anon#2312,Math,,,,225.0
2541,Single-user 2hr learning,L1,4,Anon#2312,Language,,,,227.0
2541,Single-user 2hr learning,L1,4,Anon#2312,Science,,,,220.0
